PageID	Name
54756329	Berberis
54756327	Streptanthella longirostris
54756325	Eleva tim
54756325	Festuca octoflora
54756324	Gilia
54756323	Gilia sinuata
54756321	Streptanthus cordatus nutt
54756320	Cryptantha
54756315	Physaria australis
54756313	Cryptantha flava
54756310	Penstemon pachyphyllus
54756309	Penstemon eatoni
54756308	Coanothera pallida
54756302	Lesquerella rectipes
54756300	Hymenoxys leptoclada
54756299	Enceliopsis mutans
54756298	Machaeranthera venusta
54756297	Castilleja chromosa
54756290	Cryptantha tennis
54756290	Cryptanthe
54756287	Cryptantha crassisepala
54756286	Dithyrea
54756285	Eremocrinum
54756284	Saidlandia pinnatifida
54756282	Phacelia crenulata
54756279	Gilia
54756277	Salix nigra
54756276	Salix amygdaloides
54756273	Physaria australis
54756272	Penstemon utahensis
54756268	Phloy longifolia nutt
54756268	Phlox langifolia
54756267	Cryptantha flavoculata
54756253	Cyperaceae
